kwd_id,kwd_name
1,해외축구
2,성장
3,보조배터리
4,확진자
5,우테코
6,해석학
7,리액트
8,쿠팡
9,아이폰
10,올림피아드
11,물가
12,배달의 민족
13,적기
14,체리
15,텀블러
16,인터페이스
17,매파
18,로직
19,할로윈
20,코미디언
21,수능
22,메이플스토리
23,이재용
24,토스
25,아시아
26,월급
27,RM
28,중복
29,악동뮤지션
30,웹 서비스
31,현충일
32,정수론
33,금리
34,복소수
35,에셋
36,무분할 운동법
37,천원짜리 변호사
38,얼죽아
39,수프
40,맥도날드
41,북한 도발
42,프리미어리그
43,디지털
44,유성우
45,환율
46,pydantic
47,서울시
48,구글
49,실행 컨텍스트
50,고구마
51,클라우드
52,방탄소년단
53,지하철 노선도
54,소수
55,날씨
56,금융
57,연말 행사
58,나폴리
59,신혼부부
60,블록체인
61,공채
62,교육과정
63,AI 반도체
64,어린이날
65,구미 날씨
66,수요
67,버티컬 마우스
68,겨울철 에너지
69,수학자
70,취업률
71,신입
72,강호동
73,조합론
74,아이패드
75,시큐리티
76,첼시
77,async
78,분기
79,코틀린
80,연말 콘서트
81,서울
82,메타버스
83,게임
84,싸피 탈출
85,새삥
86,코드리뷰
87,지하철
88,기업
89,객체지향
90,블록 스코프
91,국제
92,정부
93,싸피
94,채용
95,경제
96,콜드플레이
97,현대 자동차
98,올해의 패션
99,SSG
100,야구
101,스트레이키즈
102,트위치
103,콜드브루 추천
104,자바
105,쓰레기 값
106,양띵
107,뉴진스
108,메타
109,CI/CD
110,타입스크립트
111,커피
112,겨울 여행
113,마블
114,노동자의 날
115,서버
116,크리스마스
117,노트북
118,온라인
119,김연경
120,추석
121,겨울
122,오늘의 날씨
123,IT기기
124,카드지갑
125,배추
126,롤드컵
127,24절기
128,이상기후
129,연애
130,유재석
131,정우영
132,악어
133,애플 신제품
134,빅데이터
135,북한
136,고백
137,태연
138,바질 크림 파스타
139,식이요법
140,키움
141,조기
142,물총
143,슈퍼푸드
144,넷플릭스
145,마스크
146,기후 변화
147,네카라쿠배
148,취준생
149,로그인
150,수출
151,카트라이더
152,파편화
153,드라마
154,카카오톡
155,직장생활
156,폭우
157,채용공고
158,테이블
159,진공 청소기
160,장도연
161,아이스티
162,파이썬
163,김효은
164,이수근
165,호이스팅
166,카카오
167,카테고리 이론
168,라인
169,스파게티
170,아리아나 그란데
171,토익
172,보이저호
173,명절
174,부채
175,콘텐츠
176,보안
177,명패
178,다이어트
179,에그롭 샐러드
180,리그오브레전드
181,밤
182,프로그래밍
183,공급
184,힐링
185,코로나
186,글로벌
187,색종이
188,보온병
189,해외여행
190,이디야
191,모의고사
192,샐러드
193,일본 여행
194,페이커
195,버그
196,오븐
197,유인원
198,여자배구
199,수입
200,간헐적 단식
201,당근마켓
202,아이유
203,홍수
204,조기경보
205,기하학
206,Spark
207,한국시리즈
208,아이들
209,라쿤
210,인기뉴스
211,해돋이 명소
212,이강인
213,다이어트 음식
214,토트넘
215,DevOps
216,로스트아크
217,녹용
218,쇼핑백
219,두더지
220,자료구조
221,대학생활
222,플레이리스트
223,출산율
224,인스타그램
225,윤하
226,이태원
227,연봉
228,삼성전자 실적
229,취업
230,개발자
231,비용
232,프론트엔드
233,안약
234,오일러
235,커피 프랜차이즈
236,애플 실적
237,안경
238,BTS
239,머신러닝
240,올해의 트렌드
241,라자냐
242,카라멜
243,화재
244,IT/과학
245,엔시티
246,황희찬
247,소비자
248,위상수학
249,눈병
250,인상
251,모집
252,대수기하학
253,RTX 40시리즈
254,아이패드 프로
255,협업
256,포스트코로나
257,문어
258,Next
259,임직원
260,할인
261,ssafy
262,전주
263,환율변동
264,태풍
265,삼성
266,토큰
267,단풍 명소
268,효율
269,캠핑장
270,소득
271,필즈상
272,무역수지
273,대출
274,유럽
275,이슈
276,운동화
277,롯데리아
278,오징어
279,비동기
280,황사
281,fastapi
282,빽다방
283,국부 은하단
284,데프트
285,에플페이
286,대구
287,제임스웹
288,삼분할 운동법
289,머신러닝 트렌드
290,챔피언스리그
291,펩시
292,꿀팁
293,SK하이닉스 실적
294,양파
295,사랑
296,지진
297,사회공헌
298,난시
299,TSMC 실적
300,해리 스타일스
301,설
302,IT기업
303,축구
304,어린이
305,가독성
306,작곡
307,지구 온난화
308,김종국
309,신작 게임
310,우크라이나 전쟁
311,김민재
312,편미분방정식
313,GDP
314,석가탄신일
315,해외 축구
316,레시피
317,참기름
318,효과적인 운동법
319,해외 여행
320,연말
321,배틀그라운드
322,VR
323,백엔드
324,해외연예
325,마켓컬리
326,유튜브
327,베스트셀러도서
328,KPOP
329,아마존
330,백종원
331,남궁민
332,기술 부채
333,파이선
334,울버햄튼
335,단백질 보충제
336,함희주
337,건강 관리
338,인공지능
339,AI 서비스
340,금리 인상
341,몸에 좋은 음식
342,네이버
343,도미
344,바나나
345,예능
346,시스템 반도체
347,손흥민
348,택시
349,역삼동 방값
350,리덕스
351,농심
352,기관
353,정전기
354,게임 할인
355,아이브
356,르세라핌
357,미역국
358,구글 드라이브
359,백상
360,타공판
361,미트볼
362,SSAFY
363,이분할 운동법
364,라떼 만드는 법
365,배포
366,확률과 통계
367,월드컵
368,원두 추천
369,딥러닝
370,뽀로로
371,캠코더
372,공군
373,정치
374,화살표 함수
375,엔디비아 그래픽카드
376,놀러가기 좋은 곳
377,자율주행
378,수학
379,지역축제
380,리만가설
381,클로저
382,선형대수학
383,삼성전자 신제품
384,롤
385,수치해석학
386,작사
387,전국노래자랑
388,제헌절
389,갤럭시 워치
390,주식
391,마요르카
392,반도체업계
393,해군
394,노벨상
395,수리계산론
396,비둘기파
397,스프링부트
398,스키마
399,문자 메시지
400,커뮤니티
401,오리지널
402,프리미어
403,비엔날레
404,신한은행
405,현대중공업
406,대한항공
407,식품의약품안전처
408,실시간 검색
409,조국 사태
410,오케스트라
411,국가
412,클래식 음악
413,일본 경제
414,아이디어
415,세계
416,서울 종로구
417,민주
418,질병관리본부
419,컨퍼런스
420,시장
421,그라운드
422,산업은행
423,대전 서구
424,여름 휴가
425,국방부 장관
426,프리미엄
427,사각지대
428,국회의원 선거
429,평균자책
430,기획재정부
431,크리에이터
432,초등학교
433,지역화폐
434,대통령 선거
435,에너지 전환
436,고용노동부
437,지방선거
438,이 노래
439,비즈니스 모델
440,사업 계획
441,환경
442,아카데미
443,손해배상
444,피해자들
445,일본 총리
446,국민은행
447,플라스틱
448,오디션 프로그램
449,하이브리드
450,금융감독원
451,백신 접종
452,중국
453,드라이브
454,병원
455,수원 삼성
456,대구경북
457,이탈리아
458,광주 남구
459,스타트업
460,스트리밍
461,디지털 전환
462,토요일 오후
463,부산
464,미 대선
465,프랑스 파리
466,실시간 검색어
467,방송통신
468,제조업체
469,서울 송파구
470,태양광 발전
471,문제 해결
472,일본 정부
473,싱글 차트
474,탄소 배출
475,무증상 감염
476,산업단지
477,국정감사
478,경제 발전
479,일본군 위안부
480,페스티벌
481,지역 경제
482,법무부 장관
483,오피스텔
484,상품 판매
485,온라인 쇼핑몰
486,대통령 비서실
487,소프트웨어
488,서비스 품질
489,에너지 효율
490,미국 경제
491,바이러스 감염
492,모 집단
493,한국 정부
494,국회의장
495,해수욕장
496,금융 서비스
497,교육부 장관
498,대학 교수
499,유네스코
500,자가
501,하나은행
502,주식 투자
503,박사 학위
504,세계 경제
505,잉글랜드
506,대량 생산
507,호흡기 질환
508,인센티브
509,인플루엔자
510,아베 신조
511,라디오 방송
512,도쿄 올림픽
513,광주 동구
514,미국 대선
515,어린이집
516,사이언스
517,서비스업
518,아프리카
519,봉사활동
520,이노베이션
521,세 부담
522,선거법 개정
523,이스라엘
524,리모델링
525,클러스터
526,지상파 방송
527,서울 서초구
528,외교부 장관
529,클라우드 기반
530,싱가포르
531,아나운서
532,바이러스
533,미국 대통령
534,한국 경제
535,소비자 보호
536,보건복지부
537,자동차 산업
538,캘리포니아
539,플로리다
540,환경 문제
541,광주 북구
542,포털 사이트
543,한국 기업
544,유플러스
545,문화 콘텐츠
546,자금 조달
547,경제자유구역
548,다큐멘터리
549,비즈니스
550,저축은행
551,유전자 검사
552,예능 프로그램
553,경북 포항
554,아카데미 시상식
555,통일부 장관
556,서울 중구
557,민주당 대표
558,영국 정부
559,반도체 산업
560,서울 강남
561,안전
562,프로그램
563,자영업자
564,민주주의
565,사회 문제
566,모빌리티
567,세계 시장
568,온라인 교육
569,유니콘 기업
570,초등학생
571,업데이트
572,최근
573,시나리오
574,비정규직
575,문화
576,한국
577,우리은행
578,울산 현대
579,시내버스
580,중국 공산당
581,임대주택
582,문제
583,감염
584,충북 청주
585,연구기관
586,검찰총장
587,건강 증진
588,피아니스트
589,중국 기업
590,프로젝트
591,국민
592,온라인 수업
593,정보 보호
594,혈관 질환
595,하이닉스
596,사무총장
597,인도네시아
598,서울 용산구
599,환경부 장관
600,시너지 효과
601,대표이사
602,중국 정부
603,영화 제작
604,아시아나
605,대통령
606,메이저 대회
607,광주
608,로맨틱 코미디
609,의료
610,스트레스
611,디지털 경제
612,첨단 기술
613,민주당
614,옵티머스
615,애플리케이션
616,추가경정예산
617,압수수색
618,신천지 교회
619,서울 마포구
620,서울 강남구
621,칸 영화제
622,경제 성장
623,네덜란드
624,인천 서구
625,챔피언십
626,경제 위기
627,애니메이션
628,앨범 차트
629,온라인 개학
630,디지털 성범죄
631,클라우드 서비스
632,인테리어
633,챔피언스
634,프로모션
635,알고리즘
636,광주 서구
637,아티스트
638,디자이너
639,라이프 스타일
640,제네시스
641,국회 의원
642,온라인 강의
643,엔지니어
644,온라인 쇼핑
645,교육 프로그램
646,국회
647,프로듀서
648,영화
649,가짜 뉴스
650,행정안전부
651,협동조합
652,파트너십
653,선발 투수
654,연구개발
655,노무현 정부
656,국토교통부
657,사람
658,대한민국
659,디지털 싱글
660,균형 발전
661,중견기업
662,서비스
663,제주항공
664,감염 경로
665,기도
666,디스플레이
667,핫 100
668,전 대통령
669,사업
670,사회
671,데이터 분석
672,교육
673,미국 정부
674,통신 기술
675,원내대표
676,온라인 커뮤니티
677,신종 감염병
678,미국 연방
679,다운로드
680,엔터테인먼트
681,아일랜드
682,미국
683,네트워크
684,오프라인
685,경기 침체
686,폐기물 처리
687,뮤지컬 배우
688,퍼포먼스
689,전라북도
690,멸종위기종
691,서울 성북구
692,마인크래프트
693,현대
694,기생충
695,온누리상품권
696,매매
697,이혼
698,기후위기
699,독도
700,경제공동체
701,방송 프로그램
702,해일
703,산불
704,한문철
705,넥센
706,루이비통
707,자살
708,달러
709,천체
710,김연아
711,부산대학교
712,남북 관계
713,벤츠
714,오징어 게임
715,수사
716,트레저
717,세포 치료
718,대통령 표창
719,캡콤
720,게임 개발
721,갤럭시
722,지프
723,톰 크루즈
724,비빔밥
725,스타벅스
726,닌텐도
727,목성
728,실직
729,고성방가
730,메가커피
731,카카오뱅크
732,임영웅
733,정상회담
734,위안
735,중소기업
736,장윤정
737,폭행
738,박지성
739,장애인
740,야외활동
741,트위터
742,대전
743,피싱
744,학자금 대출
745,부산 해운대구
746,의사 결정
747,공정무역
748,로블록스
749,농협
750,기업은행
751,확진
752,트와이스
753,한솥
754,방화
755,엠카운트다운
756,레드벨벳
757,거실
758,고객 서비스
759,한복
760,하이라이트
761,클래스형 프로그래밍
762,온실가스
763,탈모
764,규제
765,구미
766,일교차
767,더쇼
768,울산 중구
769,다문화
770,아기 상어
771,경남은행
772,리스크 관리
773,에이티즈
774,국정
775,불구속 입건
776,이불
777,쓰나미
778,음주운전
779,전북은행
780,홍익대학교
781,쇼챔피언
782,디지털 콘텐츠
783,청약
784,시행
785,디즈니
786,요금제
787,교육부
788,놀라운토요일
789,사기
790,도박
791,성장 잠재력
792,재난안전관리
793,사고
794,스우파
795,유로
796,취업박람회
797,국순당
798,서울 성동구
799,보복
800,헌법
801,가뭄
802,관세
803,네이버 카페
804,의회
805,불매
806,트럼프
807,자연재해
808,피아노 협주곡
809,케이뱅크
810,파업
811,비
812,법안
813,홍콩
814,SK
815,르노코리아
816,기상
817,한파
818,납치
819,투신
820,핵억지
821,컴투스
822,성균관대학교
823,긴급
824,오늘 날씨
825,경기도
826,통신사
827,open ssl
828,대응
829,우울증
830,자바스크립트
831,재건축
832,재난정보
833,부동산
834,LG
835,국립현대미술관
836,침실
837,유행
838,경북대학교
839,반려동물
840,자율형사립고등학교
841,나는 솔로
842,테슬라
843,일본
844,현상수배
845,푸틴
846,신서유기
847,대구은행
848,조선 시대
849,디지털화폐
850,평년
851,세가
852,바이든
853,야당
854,캠핑
855,비건
856,혁신성장
857,엔
858,마케팅 전략
859,보궐 선거
860,소녀시대
861,KT
862,빌보드
863,출퇴근 시간
864,중대재해처벌법
865,넥슨
866,기아
867,갤럭시 S23
868,정수기
869,공시
870,선거 운동
871,더불어민주당
872,미나리
873,억압
874,진로
875,교통상황
876,FTA
877,공무원
878,에너지효율
879,인재개발
880,블랙핑크
881,경주
882,한중
883,강릉
884,여자친구
885,전쟁
886,이란
887,독감
888,선미
889,레고랜드
890,한국 문화
891,싸이
892,오늘 운세
893,연세대학교
894,관광 명소
895,쇼미더머니
896,도발
897,국방부
898,일론 머스크
899,지구오락실
900,예술의 전당
901,파급 효과
902,고려대학교
903,한국 은행
904,경유
905,클라우드 게임
906,슈룹
907,건국대학교
908,트로트
909,코레일
910,제페토
911,범인
912,수소충전소
913,에너지 산업
914,환승연애
915,한전
916,광주은행
917,흉년
918,한미
919,강아지 영양제
920,통영
921,서울 강서구
922,뺑소니
923,봉준호
924,노동부
925,속초
926,질식
927,한일
928,한국은행
929,국가인권위원회
930,과학기술
931,무선 이어폰
932,미사일
933,전기차
934,교통
935,대만
936,향초
937,탄소중립
938,특검
939,코미디빅리그
940,스맨파
941,차범근
942,재생 에너지
943,서울 영등포구
944,구속
945,반다이남코
946,개기월식
947,새마을
948,코스닥 시장
949,문화 예술
950,불고기
951,신협
952,자상
953,포켓몬
954,함수형 프로그래밍
955,서울 서대문구
956,베개
957,신세계
958,김치
959,국민의 힘
960,핵
961,여행지
962,화이트해커
963,관광
964,법무부 차관
965,게임 프리크
966,경상도
967,정당
968,이찬원
969,전라도
970,경찰청
971,구찌
972,런닝맨
973,국세청
974,아파트
975,토크 콘서트
976,옷차림
977,광주 광산구
978,서울대학교
979,풍년
980,경제 정책
981,콘서트
982,국비 교육
983,카이스트
984,1박2일
985,삼성페이
986,정의당
987,아우디
988,이케아
989,강원랜드
990,티빙
991,낙상
992,기부
993,오마이걸
994,스테이씨
995,반도체 기업
996,이정재
997,서울 삼성
998,고용정책
999,에일리
1000,유퀴즈
1001,K-POP
1002,분양
1003,기온
1004,보건
1005,폭염
1006,디지털 트윈
1007,ifland
1008,국립공원
1009,살인
1010,속보
1011,기술 이전
1012,화장실
1013,오미크론
1014,소프트웨어 개발
1015,파운드
1016,우체국
1017,비트코인
1018,한국씨티뱅크
1019,집값
1020,신화
1021,울산
1022,인기가요
1023,MBTI
1024,인천
1025,성평등
1026,강원도
1027,교통사고
1028,김호중
1029,난항
1030,엘리자베스
1031,폴란드
1032,영국 총리
1033,온난화
1034,금강산 관광
1035,세종
1036,윤여정
1037,휘발유
1038,여당
1039,기술 지원
1040,라이브 스트리밍
1041,식목일
1042,충청도
1043,해충
1044,미세먼지
1045,코나미
1046,시위
1047,다자협의
1048,경제 활동
1049,낙엽
1050,환경 보호
1051,현대차
1052,미 국무부
1053,시행령
1054,쉘
1055,범죄
1056,익사
1057,강아지 산책장소
1058,법률
1059,신작
1060,떡볶이
1061,짱구
1062,방역
1063,설문 조사
1064,ESG
1065,보이스피싱
1066,정규 앨범
1067,뮤직뱅크
1068,웹툰
1069,훈장
1070,부산 기장군
1071,노무현 대통령
1072,제주도
1073,스퀘어 에닉스
1074,통제
1075,수협
1076,UN
1077,컬투쇼
1078,숙면
1079,부산은행
1080,코난
1081,제철과일
1082,헌법 개정
1083,뉴 노멀
1084,화상 회의
1085,할리우드 영화
1086,아이파크
1087,사망 사건
1088,교향악단
1089,안중근 의사
1090,무선 전화
1091,대전 대덕구
1092,옵티머스 사태
1093,공직선거법
1094,미디어 아트
1095,커뮤니케이션
1096,울산 북구
1097,광주전남
1098,태극기 부대
1099,부산 동구
1100,북한 노동당
1101,저녁 식사
1102,탄소 중립
1103,세계 평화
1104,스포츠 스타
1105,스테이지
1106,버즈 라이브
1107,카타르 월드컵
1108,특별 출연
1109,주파수 대역
1110,스포츠 마케팅
1111,컨트롤 타워
1112,경남 통영
1113,아베 내각
1114,마이크 펜스
1115,월드컵경기
1116,에너지 저장
1117,범죄인 인도
1118,박사 과정
1119,동물 보호
1120,인천 중구
1121,화물 운송
1122,아침 식사
1123,경영 전략
1124,C#
1125,포인트 적립
1126,크리스마스 시즌
1127,인터넷 사이트
1128,풀스택 개발자
1129,피아노 소나타
1130,디지털 미디어
1131,산업 혁명
1132,가습기 살균제
1133,데이터 전송
1134,게임 업계
1135,학교 밖 청소년
1136,보안 기술
1137,세포 배양
1138,서울 목동
1139,콘솔 게임
1140,얼굴 인식
1141,교섭단체
1142,서울 지하철
1143,손흥민 부상
1144,골프 선수
1145,응답 시간
1146,미국 국방부
1147,액션 영화
1148,청와대 청원
1149,온라인 게임
1150,시장 조사
1151,중동 지역
1152,심리 상담
1153,마스터스
1154,대한민국 정부
1155,시뮬레이션
1156,고속 충전
1157,서울 관악구
1158,패러다임 전환
1159,아모레퍼시픽
1160,음악 프로그램
1161,뇌 신경
1162,정책실장
1163,11번가
1164,말레이시아
1165,싱글 앨범
1166,성 평등
1167,다국적 기업
1168,샌드박스
1169,아르바이트
1170,뇌 질환
1171,전통문화
1172,프로 스포츠
1173,진입 장벽
1174,부산 북구
1175,포스트 시즌
1176,부동산 개발
1177,바이올린 협주곡
1178,디바이스
1179,자동차 극장
1180,태양광 모듈
1181,국제 영화제
1182,스포츠 선수
1183,불기소 처분
1184,약물 복용
1185,미술 작품
1186,렘데시비르
1187,국제 표준
1188,위치 정보
1189,재능 기부
1190,성모병원
1191,지배구조
1192,예술 작품
1193,중국 본토
1194,대한민국 경제
1195,음식 배달
1196,자소서
1197,바르셀로나
1198,에너지 정책
1199,고양시 일산
1200,상장 기업
1201,주택 단지
1202,알레르기 반응
1203,포트폴리오
1204,테일러 스위프트
1205,손해보험
1206,해외 직구
1207,축구협회
1208,달 착륙
1209,지원 활동
1210,디지털 마케팅
1211,경남 양산시
1212,조선 후기
1213,화성 탐사
1214,서울 강동구
1215,르노삼성
1216,자동차 회사
1217,무선 충전
1218,마지막 무대
1219,대한의사협회
1220,달 궤도
1221,페널티 박스
1222,라이온 킹
1223,금융 상품
1224,공공 부문
1225,광복절 집회
1226,메이커 스페이스
1227,현대백화점
1228,뇌혈관 질환
1229,동아리 활동
1230,반도체 소자
1231,지방경찰
1232,사전 동의
1233,유명 인사
1234,트레이닝
1235,문화재청
1236,대우조선
1237,서울 동작구
1238,문학 작품
1239,베스트 11
1240,풍력 발전
1241,팝 스타
1242,박정희 대통령
1243,무죄 판결
1244,팝 아티스트
1245,스파이크 단백질
1246,흥국생명
1247,자전거 도로
1248,인플루엔자 바이러스
1249,논문 표절
1250,사회 통합
1251,스마트 기기
1252,기후 위기
1253,미 의회
1254,에피소드
1255,클라우드 서버
1256,서울 광진구
1257,종 문제
1258,서비스 산업
1259,중국 외교부
1260,재택 근무
1261,긴급 사용 승인
1262,환경 보전
1263,행정절차
1264,바이올린 소나타
1265,현대 미술
1266,학교 폭력
1267,도시 재생
1268,한국은행 총재
1269,데이터 센터
1270,삼성물산
1271,사전 투표
1272,메이플스토리 월드
1273,서울 올림픽
1274,사실관계
1275,어린이 놀이
1276,http
1277,인도 정부
1278,드라마 제작사
1279,전화 번호
1280,미국 상무부
1281,사외이사
1282,모차르트
1283,대한민국 대통령
1284,규제 개혁
1285,사이버 공격
1286,한국감정원
1287,리튬 이온
1288,캡틴 마블
1289,소비자 선택
1290,아메리카
1291,장편 영화
1292,뉴욕 증시
1293,민주노총
1294,음성 인식
1295,과학 연구
1296,입법 예고
1297,쇼핑
1298,통화 스와프
1299,크리스마스 선물
1300,선발 라인업
1301,공동 성명
1302,대전 유성구
1303,울산 남구
1304,온라인 서비스
1305,정보 관리
1306,아르헨티나
1307,광화문 광장
1308,정부서울청사
1309,윤봉길 의사
1310,대전 동구
1311,도시 지역
1312,한국전력
1313,킬러 콘텐츠
1314,인종 차별
1315,위탁 생산
1316,조직 문화
1317,부산 남구
1318,울산 동구
1319,에너지 절약
1320,럭셔리 브랜드
1321,게임 프로그래밍
1322,환경 기술
1323,영상 통화
1324,선거인단
1325,대형 마트
1326,음악 축제
1327,부산 수영구
1328,부산 중구
1329,세계 음악
1330,서비스 로봇
1331,수소 경제
1332,운영 시스템
1333,디지털 화
1334,서울 양천구
1335,측면 공격수
1336,가솔린 엔진
1337,미스터리
1338,해외 관광
1339,해안 지역
1340,한국 시간
1341,데이터 처리
1342,새 출발
1343,게임 산업
1344,인터넷 커뮤니티
1345,오염 물질
1346,북한 비핵화
1347,바이러스 검사
1348,콜레스테롤
1349,부산 강서구
1350,미디어 파사드
1351,패러다임 변화
1352,위안부 합의
1353,법정 구속
1354,과학기술원
1355,교육 정책
1356,기반 시설
1357,여자 친구
1358,다큐멘터리 영화
1359,허리 통증
1360,자산관리
1361,재정 정책
1362,스카이 캐슬
1363,영화 감독
1364,코미디 영화
1365,올림픽 메달
1366,토너먼트
1367,인터넷 쇼핑
1368,달 탐사
1369,사망 원인
1370,월드 챔피언십
1371,롤 모델
1372,금 투자
1373,한국 시각
1374,영화 촬영
1375,지역 개발
1376,블룸버그
1377,수요 예측
1378,무릎 관절
1379,유통업체
1380,서울 구로구
1381,한국 미술
1382,성남시 분당
1383,듀얼 스크린
1384,뮤지컬 영화
1385,캄보디아
1386,에너지 절감
1387,경기 광주
1388,유상증자
1389,김대중 정부
1390,드라이브 인
1391,경제 지표
1392,만성 질환
1393,쇼케이스
1394,질병 예방
1395,방사선 치료
1396,환경 오염
1397,블랙 스완
1398,미국 의회
1399,데이터 관리
1400,리얼리티 프로그램
1401,메디톡스
1402,유전자 가위
1403,핵심 역량
1404,당뇨
1405,팀 닥터
1406,품질 관리
1407,부산 동래구
1408,한국 드라마
1409,서비스 부문
1410,비디오 판독
1411,범죄 예방
1412,프랜차이즈
1413,도로공사
1414,경남 고성
1415,배달 음식
1416,위성 정당
1417,수소 연료
1418,미국 국무부
1419,근력 운동
1420,한국 문학
1421,예방 접종
1422,음악 방송
1423,간염 바이러스
1424,인터넷 방송
1425,서울 노원구
1426,중앙 정부
1427,카리스마
1428,프랑스 대통령
1429,해운대구
1430,보수 정당
1431,주주총회
1432,라파엘 나달
1433,직접 투자
1434,유죄 판결
1435,사회 관계
1436,현재 일본
1437,급속 충전
1438,첨단 산업
1439,심포지엄
1440,나노 입자
1441,사후 관리
1442,애스턴 빌라
1443,인터넷 검색
1444,윤석열
1445,두산중공업
1446,면역 반응
1447,아역 배우
1448,총괄 프로듀서
1449,다이너마이트
1450,스마트 도시
1451,호흡 곤란
1452,온라인 마케팅
1453,주식 시장
1454,자동차 보험
1455,롯데마트
1456,프로농구
1457,드라이버
1458,전라남도
1459,쓰레기 처리
1460,베트남 정부
1461,브렉시트
1462,상임위원회
1463,아마추어
1464,배드민턴
1465,대웅제약
1466,영화 개봉
1467,인터넷 포털
1468,건강
1469,금융 위기
1470,대학 입시
1471,박 대통령
1472,미래 가치
1473,서울 은평구
1474,미국 영화
1475,유전자 치료
1476,타이틀 곡
1477,미국 민주당
1478,쓰레기 수거
1479,포항 지진
1480,교착 상태
1481,판문점 선언
1482,핵 문제
1483,전송 속도
1484,마무리 투수
1485,대전 중구
1486,인터넷 쇼핑몰
1487,미드필더
1488,연쇄 살인
1489,디지털 자산
1490,산업 정책
1491,오스트리아
1492,골프 코스
1493,온라인 서점
1494,서울 동대문구
1495,콘퍼런스
1496,모범 사례
1497,스마트 시티
1498,청와대 비서실
1499,현대 사회
1500,사생활 침해
1501,종 차별
1502,인천 부평구
1503,클라우드 컴퓨팅
1504,가전 제품
1505,동영상 촬영
1506,사회 변화
1507,스티브 잡스
1508,한국토지주택공사
1509,청각 장애
1510,공인중개사
1511,이사
1512,거버넌스
1513,프랑스 정부
1514,뉴욕 타임스
1515,허위 사실
1516,공동 제작
1517,심장 질환
1518,세계 인구
1519,실시간 채팅
1520,교통 혼잡
1521,전국체전
1522,라이선스 계약
1523,살빼기
1524,경상남도
1525,로이터 통신
1526,정보 시스템
1527,크루즈 컨트롤
1528,아토피 피부염
1529,엔지니어링
1530,디지털 시대
1531,인터넷 서비스
1532,민간 부문
1533,스타디움
1534,유나이티드
1535,에너지 밀도
1536,골프
1537,메뉴
1538,중환자실
1539,무선 통신
1540,알레르기
1541,세액 공제
1542,경기도지사
1543,노벨상 수상자
1544,버스 정류장
1545,폐기물 관리
1546,버스 기사
1547,디젤 엔진
1548,미국 행정부
1549,고등학생
1550,미래한국당
1551,공무원 시험
1552,종량제 봉투
1553,바이올린
1554,동물 실험
1555,스포츠 산업
1556,미국 대통령 선거
1557,미국 서부
1558,남부 지역
1559,전자 제품
1560,미국 아카데미 시상식
1561,상주 상무
1562,음반 판매량
1563,법 집행
1564,고층 건물
1565,카테고리
1566,대북 제재
1567,브래드 피트
1568,택시 기사
1569,가상 화폐
1570,영화 산업
1571,현실 세계
1572,아웃도어
1573,미 하원
1574,중국 관광
1575,베를린 필
1576,라이온즈
1577,동영상 스트리밍
1578,제품 디자인
1579,석사 학위
1580,음악 산업
1581,마을 공동체
1582,주차 공간
1583,스마트 공장
1584,이미지 센서
1585,파운드리
1586,인천 남동구
1587,숙박 시설
1588,고층 빌딩
1589,영국 왕
1590,미국 동부
1591,사회 구조
1592,김대중 대통령
1593,영국 하원
1594,라디오 프로그램
1595,음식물 쓰레기
1596,보리스 존슨
1597,호흡기 감염
1598,산부인과
1599,자동차
1600,바이오
1601,공개
1602,집행정지
1603,식기세척기
1604,디지털 정부
1605,농촌진흥청
1606,정형외과
1607,전기
1608,세대
1609,정보 처리
1610,동대문구
1611,시험
1612,중앙 수비수
1613,드래프트
1614,점심 식사
1615,임대
1616,대한상공회의소
1617,제로
1618,외국
1619,새 둥지
1620,은행
1621,자유
1622,검찰
1623,자연휴양림
1624,성화 봉송
1625,복지
1626,건강보험심사평가원
1627,엔씨소프트
1628,인터넷 카페
1629,세브란스
1630,아라비아
1631,건축
1632,올스타전
1633,카자흐스탄
1634,포레스트
1635,서울중앙지법
1636,메가박스
1637,수목드라마
1638,판매 촉진
1639,공원
1640,소비
1641,운동
1642,포스코건설
1643,키오스크
1644,이코노미
1645,싱어송라이터
1646,인터파크
1647,공항
1648,20세기
1649,브레이크
1650,프란시스코
1651,전남
1652,신한카드
1653,마드리드
1654,상원의원
1655,중앙
1656,국토
1657,라이언스
1658,대검찰청
1659,정무수석
1660,한국마사회
1661,전면 카메라
1662,발렌시아
1663,백범 김구
1664,정부세종청사
1665,축제
1666,영등포구
1667,소득공제
1668,허위 정보
1669,스마트
1670,예방
1671,오토바이
1672,매일신문
1673,유엔 총회
1674,금융 시장
1675,동물 학대
1676,자연
1677,경제연구원
1678,데이터
1679,앤젤레스
1680,노르웨이
1681,미술
1682,크리스털 팰리스
1683,상품
1684,엘리베이터
1685,학생
1686,삼성서울병원
1687,전자랜드
1688,한국관광공사
1689,데이비드
1690,음악
1691,법 체계
1692,아산병원
1693,금호타이어
1694,경기도의회
1695,콘크리트
1696,알루미늄
1697,단백질 분해
1698,과학 기술
1699,구조 조정
1700,에너지 개발
1701,블록버스터
1702,종합부동산세
1703,경북
1704,사회적
1705,리그
1706,애플리케이션 프로세서
1707,여성가족부
1708,예고 살인
1709,문재인
1710,한국수자원공사
1711,환경영향평가
1712,유벤투스
1713,지방 정부
1714,경영
1715,혁신
1716,마일리지
1717,트라우마
1718,우승
1719,생활용품
1720,청년
1721,위기
1722,피트니스
1723,한국노총
1724,한미약품
1725,내셔널리그
1726,특별회계
1727,서포터즈
1728,보험
1729,광주시장
1730,옥스퍼드
1731,브랜드
1732,텔레그램
1733,우리카드
1734,수명 연장
1735,의료관광
1736,농림축산식품부
1737,노동
1738,청와대 춘추관
1739,삼성생명
1740,국회의원 총선거
1741,트레이드
1742,미국 시민
1743,노사 갈등
1744,비자
1745,공공
1746,예술
1747,폭스바겐
1748,의사
1749,지방
1750,삼성화재
1751,배우
1752,액세서리
1753,성형외과
1754,경북대병원
1755,시민사회단체
1756,큐레이터
1757,에이즈 치료
1758,해외진출
1759,플랫폼
1760,경남
1761,경찰청장
1762,홀로그램
1763,포르투갈
1764,수도권
1765,한국당
1766,경찰
1767,감정평가
1768,직권남용
1769,어시스트
1770,우크라이나
1771,멸종위기
1772,공정거래법
1773,장기 기증
1774,이자
1775,푸르지오
1776,재난
1777,브라이언
1778,기업결합
1779,어벤져스
1780,예산
1781,프로세서
1782,근로시간
1783,시간 여행
1784,장애
1785,동산병원
1786,조코비치
1787,메이크업 아티스트
1788,바이오시밀러
1789,삼성디스플레이
1790,교육지원청
1791,맨체스터
1792,작품
1793,참여연대
1794,시즌
1795,스페셜 앨범
1796,콜롬비아
1797,리얼리티
1798,새마을금고
1799,라면
1800,르네상스
1801,스토리텔링
1802,선거
1803,장관
1804,성 역할
1805,한국 음식
1806,매출
1807,백악관 대변인
1808,스펙트럼
1809,대우건설
1810,자이언츠
1811,한국거래소
1812,최재형 감사원장
1813,펜실베이니아
1814,영화진흥위원회
1815,자살 예방
1816,미국 달러
1817,피해
1818,세종문화회관
1819,하이브리드 클라우드
1820,새누리당
1821,시장 가격
1822,시스템
1823,에너지
1824,다이아몬드
1825,중소기업중앙회
1826,중위소득
1827,심사평가원
1828,경쟁
1829,브로드밴드
1830,패션 디자이너
1831,베이거스
1832,정신 건강
1833,시청
1834,삼성증권
1835,광주시 서구
1836,행정
1837,추사 김정희
1838,인공
1839,소외 계층
1840,통신
1841,홍보
1842,집중 호우
1843,대한통운
1844,미래
1845,알츠하이머
1846,미국 하원
1847,리바운드
1848,유전자 발현
1849,우즈베키스탄
1850,일본 영화
1851,유틸리티
1852,대한민국 국회
1853,평균 기온
1854,이커머스
1855,에미리트
1856,우리금융
1857,조선
1858,일자리
1859,미성년자
1860,임플란트
1861,해외
1862,운영 체제
1863,시각 장애
1864,미스터 주
1865,도시 계획
1866,화가
1867,강원
1868,아카이브
1869,바이올리니스트
1870,전략산업
1871,가족
1872,한국도로공사
1873,지구
1874,디지털 화폐
1875,총선
1876,공유재산
1877,에너지 관리
1878,주택조합
1879,여행
1880,코스닥 지수
1881,여자
1882,페미니즘
1883,21세기
1884,안드로이드
1885,버스
1886,스포츠
1887,하나로마트
1888,패스트 트랙
1889,국민건강보험
1890,수자원공사
1891,벤치마킹
1892,충청남도
1893,항공
1894,이오
1895,도로
1896,경제부총리
1897,과학
1898,행정처분
1899,워싱턴 포스트
1900,일러스트
1901,농업기술센터
1902,역사
1903,참의원 선거
1904,유니클로
1905,휴식 시간
1906,테크놀로지
1907,대우조선해양
1908,머리카락
1909,집단 면역
1910,텔레비전
1911,리얼미터
1912,정보공개
1913,소비자원
1914,하이트진로
1915,메르세데스
1916,아메리칸
1917,총리
1918,확산
1919,힐스테이트
1920,청와대
1921,페이
1922,현대산업개발
1923,퍼레이드
1924,라이선스
1925,행정소송
1926,카카오게임즈
1927,작가
1928,해외 마케팅
1929,외환위기
1930,타이거즈
1931,미 법무부
1932,신뢰 수준
1933,시대
1934,국무장관
1935,소프라노
1936,애리조나
1937,매니지먼트
1938,양해각서
1939,현대제철
1940,롯데
1941,오케이 마담
1942,자본주의
1943,수원시 영통
1944,판매 전략
1945,인터내셔널
1946,서울 상암동
1947,플레이
1948,국정조사
1949,대한축구협회
1950,모델
1951,공연 예술
1952,여성
1953,저장 공간
1954,원 데이
1955,북한 인권
1956,가구
1957,불어
1958,체육
1959,제도
1960,집행유예
1961,내비게이션
1962,청소
1963,수도
1964,하드웨어
1965,장례식장
1966,백신
1967,네이버 클라우드
1968,필리버스터
1969,국어 교육
1970,면역 체계
1971,에비앙 챔피언십
1972,시나리오 작가
1973,환경 파괴
1974,영국 아카데미
1975,서울시 강남구
1976,충북 괴산군
1977,테스트 베드
1978,실물 경제
1979,동해안 산불
1980,스태그플레이션
1981,골프 클럽
1982,패키지 디자인
1983,물류 서비스
1984,영국 경제
1985,인플레이션
1986,솔라
1987,이세영
1988,이성종
1989,준
1990,엘리스
1991,민지
1992,정국
1993,효연
1994,전유진
1995,강진
1996,로제
1997,청춘MT
1998,빅톤
1999,홍은채
2000,주현미
2001,신동엽
2002,승희
2003,펜타곤
2004,박서준
2005,구해줘 홈즈
2006,권진아
2007,한효주
2008,진
2009,데프콘
2010,곽동연
2011,에프엑스
2012,여행의 맛
2013,홍현희
2014,민영
2015,펀치
2016,송가인
2017,SG워너비
2018,재현
2019,정한
2020,우아
2021,육성재
2022,최예나
2023,김용만
2024,혜인
2025,결혼에 진심
2026,현재
2027,루카스
2028,2AM
2029,10CM
2030,카더가든
2031,조슈아
2032,위키미키
2033,틴탑
2034,박미선
2035,박진영
2036,윤균상
2037,유나
2038,정일우
2039,이승훈
2040,이유미
2041,최진희
2042,배현성
2043,케이시
2044,김나희
2045,줄 서는 식당
2046,신유
2047,놀라운 토요일
2048,허윤진
2049,김재환
2050,박원숙의 같이 삽시다
2051,진선규
2052,지니
2053,다비치
2054,다니엘
2055,박재범
2056,손석구
2057,롯데쇼핑
2058,하성운
2059,꼬리에 꼬리를 무는 그날 이야기
2060,김다연
2061,엑소
2062,현아
2063,크래비티
2064,박상철
2065,김성주
2066,공유
2067,신봉선
2068,제니
2069,옹성우
2070,탁재훈
2071,디오
2072,김슬기
2073,준호
2074,기리보이
2075,허각
2076,오유진
2077,미운우리새끼
2078,리아
2079,장민호
2080,갓세븐
2081,은지원
2082,황민현
2083,성소
2084,하하
2085,홍자
2086,서동현
2087,대전시장
2088,이이경
2089,로켓펀치
2090,설윤
2091,송민호
2092,엔비디아
2093,이하나
2094,제이홉
2095,지창욱
2096,슈가
2097,찬희
2098,유아인
2099,셔누
2100,김성규
2101,버논
2102,서인국
2103,미미
2104,프로미스나인
2105,백예린
2106,우영
2107,문세윤
2108,안재욱
2109,위더스
2110,온앤오프
2111,양지은
2112,방예담
2113,효정
2114,한지민
2115,조승우
2116,세계 다크투어
2117,박해일
2118,오은영
2119,윈터
2120,옥택연
2121,형원
2122,충청북도
2123,시원
2124,아이엠
2125,쿠기
2126,임주환
2127,정해인
2128,기현
2129,이기광
2130,주이
2131,남우현
2132,비오
2133,정동원
2134,수요일도 밤이 좋아
2135,김효진
2136,신상출시 편스토랑
2137,김남길
2138,김준수
2139,최강창민
2140,심야괴담회
2141,템페스트
2142,이경규
2143,홍진영
2144,EXID
2145,이하이
2146,하이키
2147,에이프릴
2148,남진
2149,사장님 귀는 당나귀 귀
2150,고은성
2151,이솔로몬
2152,설운도
2153,카즈하
2154,남주혁
2155,해원
2156,유노윤호
2157,나연
2158,어른들은 모르는 고딩엄빠
2159,김예원
2160,김희철
2161,도겸
2162,슈퍼주니어
2163,디에잇
2164,문빈
2165,해찬
2166,불후의 명곡
2167,김민경
2168,강승윤
2169,김채원
2170,모모랜드
2171,써니
2172,리즈
2173,김준호
2174,마이애미
2175,라디오스타
2176,임원희
2177,빅마마
2178,톡파원 25시
2179,이승기
2180,희진
2181,규진
2182,로꼬
2183,TNX
2184,김고은
2185,이새롬
2186,연정
2187,태민
2188,제시
2189,최원영
2190,태현
2191,아이튠즈
2192,이무진
2193,비투비
2194,시크릿넘버
2195,연우
2196,서대문구
2197,최대훈
2198,박보검
2199,김소은
2200,범규
2201,우지
2202,에스파
2203,설하윤
2204,브라운아이드걸스
2205,김병현
2206,금호산업
2207,원우
2208,AB6IX
2209,바이브
2210,정우
2211,조세호
2212,윤지성
2213,트위티
2214,지석진
2215,김소연
2216,경서
2217,윤두준
2218,김다현
2219,대신증권
2220,조항조
2221,슈퍼맨이 돌아왔다
2222,임창정
2223,사쿠라
2224,예리
2225,황윤성
2226,박현빈
2227,드림캐쳐
2228,예지
2229,이나경
2230,슬기
2231,벌거벗은 세계사
2232,박지환
2233,쟈니
2234,레이디스코드
2235,백지헌
2236,정형돈
2237,투모로우바이투게더
2238,빅스
2239,서장훈
2240,김준현
2241,김수희
2242,웬디
2243,채령
2244,채영
2245,박하선
2246,박나래
2247,강민아
2248,김희원
2249,전소미
2250,설아
2251,박우진
2252,서현
2253,김선아
2254,수호
2255,적재
2256,카이
2257,정은지
2258,김신영
2259,혜리
2260,유타
2261,이태성
2262,강다니엘
2263,정승환
2264,박군
2265,호시
2266,국무조정실
2267,아이칠린
2268,21학번
2269,전현무
2270,에이핑크
2271,김숙
2272,이별도 리콜이 되나요
2273,인피니트
2274,솔지
2275,유리
2276,엔하이픈
2277,강혜연
2278,박은빈
2279,하나금융그룹
2280,손진욱
2281,경서예지
2282,정문성
2283,선우
2284,공효진
2285,노지선
2286,ITZY
2287,사회주의
2288,안싸우면 다행이야
2289,정소민
2290,금잔디
2291,트라이비
2292,윤형빈
2293,권율
2294,정보통신망
2295,최백호
2296,류승룡
2297,라잇썸
2298,국립생태원
2299,솔빈
2300,미란이
2301,김채현
2302,이미숙
2303,체리블렛
2304,배진영
2305,백지영
2306,박창근
2307,휴닝카이
2308,위하준
2309,조우진
2310,김영철
2311,민혁
2312,음문석
2313,엔믹스
2314,김동현
2315,이병찬
2316,미미로즈
2317,테이
2318,국민일보
2319,손현주
2320,최강야구
2321,어플리케이션
2322,다현
2323,(여자)아이들
2324,지젤
2325,퍼플키스
2326,나혼자산다
2327,태진아
2328,고윤정
2329,카리나
2330,골든차일드
2331,김태리
2332,골 때리는 그녀들
2333,카밀라
2334,매트리스
2335,서은광
2336,SF9
2337,소지섭
2338,황치열
2339,화요일은 밤이 좋아
2340,LE
2341,남지현
2342,휘인
2343,현진
2344,청하
2345,류현진
2346,홍지윤
2347,문별
2348,츠키
2349,세븐틴
2350,다영
2351,송하영
2352,아스트로
2353,이홍기
2354,수빈
2355,더보이즈
2356,NCT
2357,대림산업
2358,정연
2359,낸시
2360,안정환
2361,진성
2362,블라블라
2363,이종원
2364,자금지원
2365,빅뱅
2366,마크
2367,이국주
2368,정호연
2369,고성희
2370,황정민
2371,네이처
2372,손예진
2373,신승태
2374,이승연
2375,주시크
2376,이하늬
2377,레이
2378,박지원
2379,송중기
2380,이천수
2381,이승엽
2382,고경표
2383,B1A4
2384,디스커버리
2385,JYJ
2386,신랑수업
2387,손동운
2388,DKZ
2389,박서진
2390,장동윤
2391,아린
2392,재민
2393,유해진
2394,이수
2395,시그니처
2396,조이
2397,국민건강보험공단
2398,양세찬
2399,태일
2400,김희재
2401,희철
2402,맛있는 녀석들
2403,1박 2일
2404,지우
2405,영훈
2406,개는 훌륭하다
2407,빌리 걸그룹
2408,현주엽
2409,혜린
2410,패럴림픽
2411,헤이즈
2412,잔나비
2413,볼빨간사춘기
2414,윤아
2415,에스쿱스
2416,윈윈
2417,박지훈
2418,정홍일
2419,텐트 밖은 유럽
2420,복면가왕
2421,우주소녀
2422,츄
2423,자카르타
2424,벤
2425,지드래곤
2426,노홍철
2427,지효
2428,바퀴달린 집
2429,자우림
2430,박지후
2431,블링블링
2432,진해성
2433,이달의 소녀
2434,김승수
2435,승관
2436,루다
2437,동상이몽
2438,권상우
2439,유아
2440,라비
2441,지코
2442,로운
2443,사나
2444,박명수
2445,김재영
2446,지성
2447,장원영
2448,이민혁
2449,이화여대
2450,스트릿 맨 파이터
2451,김국진
2452,장승조
2453,연준
2454,창모
2455,근로기준법
2456,이영애
2457,위아이
2458,은가은
2459,다이아
2460,케플러
2461,조정석
2462,애널리스트
2463,전기자전거
2464,회장님네 사람들
2465,안성기
2466,대법원장
2467,유흥주점
2468,김태연
2469,강동원
2470,금쪽같은 내 새끼
2471,이채영
2472,양세형
2473,송지효
2474,민규
2475,오메가엑스
2476,백패커
2477,영탁
2478,국가가 부른다
2479,호미들
2480,강형석
2481,지수
2482,소연
2483,해린
2484,김종민
2485,양요섭
2486,닝닝
2487,정우성
2488,최유정
2489,옥탑방의 문제아들
2490,멜로망스
2491,엄지원
2492,신용재
2493,마카마카
2494,경기북부
2495,나훈아
2496,이정현
2497,이경영
2498,소진
2499,유나이트
2500,베리베리
2501,원어스
2502,우리들의 쇼 10
2503,유라
2504,태용
2505,이서
2506,폴킴
2507,박세영
2508,류진
2509,마마무
2510,진영
2511,업텐션
2512,이상민
2513,임지연
2514,히든싱어
2515,키
2516,유정
2517,남상지
2518,갤러리아
2519,19세기
2520,보나
2521,뷔
2522,워너원
2523,민호
2524,차은우
2525,이현진
2526,싸이퍼
2527,정미애
2528,최유진
2529,하니
2530,조정민
2531,송은이
2532,김용임
2533,샤이니
2534,주연
2535,노을
2536,위너
2537,가요무대
2538,주호
2539,김연자
2540,FT아일랜드
2541,백현
2542,하정우
2543,수영
2544,라붐
2545,2PM
2546,요요미
2547,류준열
2548,제노
2549,허재
2550,아이린
2551,박장현
2552,박세완
2553,정채연
2554,나태주
2555,동방신기
2556,미나
2557,규현
2558,어서와 한국은 처음이지
2559,안유진
2560,와이번스
2561,화사
2562,차예련
2563,블락비
2564,변요한
2565,이영지
2566,리사
2567,이승윤
2568,현빈
2569,미연
2570,성동일
2571,몬스타엑스
2572,성시경
2573,마크툽
2574,전지적 참견 시점
2575,김구라
2576,걸스데이
2577,브레이브걸스
2578,이대휘
2579,아는 형님
2580,김다미
2581,성찬
2582,김진우
2583,디노
2584,이효리
2585,마동석
2586,이병헌
2587,박효신
2588,김필
2589,ATBO
2590,박혜원
2591,정다경
2592,가을
2593,김혜수
2594,차민지
2595,놀면 뭐하니
2596,김도연
2597,염정아
2598,도영
2599,로보어드바이저
2600,죄수의 딜레마
2601,디플레이션
2602,극장
2603,국민부담률
2604,고통지수
2605,고객확인절차
2606,규제 샌드박스
2607,코리보
2608,연방준비은행
2609,고령
2610,할당관세제도
2611,예대금리차
2612,N-B SRS
2613,결제리스크
2614,동성
2615,본원소득수지
2616,로봇
2617,이벤트
2618,통화지표
2619,자연독점
2620,법원
2621,서킷브레이커
2622,집단대출
2623,통화정책
2624,표면금리
2625,교육청
2626,경영평가지표
2627,생산세
2628,웃음
2629,녹색기후기금
2630,통계
2631,경제성장률
2632,지역금융협정
2633,식품
2634,기후
2635,아동
2636,외환시장
2637,GDP갭
2638,한계효용
2639,만기수익률
2640,가상통화공개
2641,유동성리스크
2642,국제산업연관표
2643,주식시장
2644,철도
2645,국제결제은행
2646,학원
2647,신주인수권부사채
2648,공급탄력성
2649,치매
2650,선행종합지수
2651,겸업주의/전업주의
2652,평가절상
2653,신도시
2654,리지
2655,역외펀드
2656,전자금융
2657,본원통화
2658,마케팅
2659,전환사채
2660,체육관
2661,금융공황
2662,국제금융중심지
2663,디레버리징
2664,기본자본
2665,수익
2666,금융안정위원회
2667,무역지수
2668,도드-프랭크법
2669,nation
2670,정부실패
2671,남성
2672,국고전산망
2673,레그테크
2674,첨단
2675,it
2676,통화승수
2677,사과
2678,김해
2679,금융의 탈중개화
2680,법인
2681,수출입물가지수
2682,마이크로 크레디트
2683,한계소비성향
2684,금리자유화
2685,금융사이클
2686,예상손실
2687,의약품
2688,조세부담률
2689,대구시
2690,가상통화
2691,소비자심리지수
2692,금리평가이론
2693,분리결제
2694,자본시장통합법
2695,외환건전성부담금제도
2696,유로달러
2697,채권시장안정펀드
2698,실업률갭
2699,자산유동화
2700,국외순수취요소소득
2701,배터리
2702,유동성
2703,금융중개지원대출제도
2704,삼불원칙
2705,VAN사업자
2706,특별인출권
2707,BIS 자기자본비율
2708,채권시장
2709,리디노미네이션
2710,VIX
2711,연불수출
2712,현대카드
2713,구조적 이익률
2714,순상품교역조건
2715,생활물가지수
2716,평화
2717,한화
2718,부모
2719,상품공동기금
2720,치앙마이 이니셔티브
2721,사업자
2722,인구고령화
2723,이자보상배율
2724,자본적지출
2725,기저효과
2726,디자인
2727,도서관
2728,언론
2729,음식
2730,고정분류여신
2731,아시아인프라은행
2732,단위노동비용
2733,재정정책
2734,투표
2735,부동산업
2736,VaR
2737,FTSE 지수
2738,정크본드
2739,전자상거래
2740,꼬리위험
2741,바다
2742,풋옵션
2743,수출경합도지수
2744,노동소득분배율
2745,녹색GDP
2746,기업간 지급결제시스템
2747,신용경색
2748,드론
2749,스왑레이트
2750,빅맥지수
2751,긴축정책
2752,구단
2753,4차 산업혁명
2754,을기금
2755,고정금리부채권
2756,자유무역협정
2757,제1차 통화조치
2758,고용유발효과/취업유발효과
2759,필립스곡선
2760,대기성 여수신제도
2761,후방연쇄효과
2762,프로젝트 파이낸싱
2763,특허
2764,영업잉여
2765,연합뉴스
2766,듀레이션
2767,외환결제리스크
2768,백화점
2769,그린본드
2770,화폐발행/화폐발행액
2771,감염병
2772,거액결제시스템
2773,대손충당금적립비율
2774,축구선수
2775,경제협력개발기구
2776,통화안정계정
2777,규모의 경제
2778,보건소
2779,워싱턴 컨센서스
2780,노동자
2781,근로자
2782,지주회사
2783,금융채
2784,신용평가제도
2785,고해상도
2786,통화전쟁
2787,금융의 증권화
2788,무디스
2789,기대인플레이션
2790,요소비용 국민소득
2791,그림자 금융
2792,G7
2793,증권대금동시결제
2794,생산유발효과
2795,작업증명
2796,외환보유액
2797,물가지수
2798,기업어음
2799,MSCI 지수
2800,제2차 통화조치
2801,마찰적 실업
2802,어음관리계좌
2803,신인
2804,경쟁력
2805,대학교
2806,옵션
2807,노인
2808,마샬의 k
2809,가수
2810,장단기금리차
2811,매몰비용
2812,IMF 포지션
2813,러시아
2814,외교
2815,대출채권 분할매각
2816,사망
2817,오키나와
2818,부실채권정리기금
2819,출자총액제한제도
2820,재판
2821,양산
2822,강남
2823,자기띠 카드
2824,복수통화바스켓제도
2825,금융의 탈집중화
2826,추심
2827,희망
2828,GDP디플레이터
2829,격리
2830,동물
2831,지정시점처리제도
2832,이전소득수지
2833,신설
2834,박물관
2835,대안정기
2836,펀드
2837,단기금융시장
2838,고정환율제도/자유변동환율제도
2839,프랑스
2840,입금이체
2841,금융연관비율
2842,국가경쟁력지수
2843,글로벌가치사슬
2844,지방은행공동망
2845,영화제
2846,카메라
2847,신용레버리지
2848,추천
2849,프로그램매매
2850,관리변동환율제도
2851,분산원장기술
2852,당일결제/익일결제/익익일결제
2853,사이클링
2854,소액결제시스템
2855,영국
2856,결제부족자금 공동분담제
2857,결제
2858,가교은행
2859,경제심리지수
2860,도덕적 해이
2861,자금조달비용지수
2862,최저임금제
2863,현시비교우위지수
2864,전자화폐공동망
2865,실효환율
2866,사회보험
2867,신용위험
2868,일상
2869,가정
2870,잠재GDP성장률
2871,콜시장
2872,인적자본
2873,금리선물
2874,청산
2875,통화안정증권
2876,상장지수펀드
2877,카르텔
2878,전자지급결제대행
2879,신용창조
2880,캐릭터
2881,결혼
2882,국외순수취경상이전
2883,성장기여도
2884,유럽연합
2885,제조업생산능력/가동률지수
2886,방카슈랑스
2887,국고대리점
2888,여신심사 가이드라인
2889,메시
2890,금본위제
2891,코리아
2892,변동금리부채권
2893,국민소득
2894,의대
2895,미달러화 지수
2896,정부당좌예금계정
2897,출금이체
2898,내국신용장
2899,감응도계수
2900,인도
2901,가계처분가능소득
2902,롯데면세점
2903,교환사채
2904,신용
2905,우발부채
2906,연구소
2907,친환경
2908,신･재생에너지
2909,일물일가의 법칙
2910,상담
2911,졸업
2912,성인
2913,역외금융
2914,외국환포지션한도
2915,국채
2916,현지법인
2917,캐리트레이드
2918,총부채상환비율
2919,분수효과
2920,장기금융시장
2921,대외지급준비자산
2922,합계출산율
2923,그림
2924,통화옵션
2925,사회보장제도
2926,금산분리
2927,예금보험제도
2928,증거금
2929,블록체인과 탈중앙화
2930,현금자동인출기공동망
2931,통화정책 파급경로
2932,명목금리/실질금리
2933,원금이자분리채권
2934,교회
2935,워크아웃
2936,운영리스크
2937,외환전산망
2938,국민소득 3면 등가의 법칙
2939,은선
2940,기준환율
2941,유통시장
2942,면역
2943,공매도
2944,외국인
2945,국내총투자율
2946,실험
2947,태양
2948,지로
2949,단일금리방식/복수금리방식
2950,Treasury Bill
2951,부산시
2952,제조업
2953,은행경영공시제도
2954,신천지
2955,연휴
2956,특수목적기구
2957,국내신용
2958,실질임금
2959,재정수지
2960,치킨게임
2961,신문
2962,밴드웨건효과
2963,담보인정비율
2964,통화스왑
2965,금융안정
2966,역선택
2967,무역
2968,부가가치기준 무역
2969,매매보호 서비스
2970,재정환율
2971,국부펀드
2972,집중도 지수
2973,연금
2974,전세
2975,구속성예금
2976,기업공개
2977,결제완결성
2978,지급
2979,연쇄가중법
2980,변동금리
2981,총고정자본형성
2982,국가채무
2983,대체비용리스크
2984,가산금리
2985,수출입물량지수
2986,자금순환표
2987,광고
2988,실업률
2989,중간소비
2990,스케이트
2991,TED 스프레드
2992,직접투자
2993,지급결제제도 감시
2994,금융안정지수
2995,가변예치의무제도
2996,평균저축성향
2997,기축통화
2998,레버리지비율
2999,대량지급
3000,아트
3001,외화자금시장
3002,근로
3003,적기시정조치제도
3004,주가지수옵션
3005,고용률
3006,세계경제포럼
3007,중앙예탁기관
3008,하반기
3009,충북
3010,화폐의 액면체계
3011,파생금융상품
3012,J커브효과
3013,중개무역
3014,LIBOR
3015,지니계수
3016,구로
3017,경기동향지수
3018,외부자금
3019,최종대부자 기능
3020,챔피언
3021,북미자유무역협정
3022,독일
3023,의중임금
3024,육회
3025,자본적정성
3026,경영지도비율
3027,글로벌금융안전망
3028,베트남
3029,차입매수
3030,청주
3031,주가연계증권
3032,환리스크
3033,요가
3034,회사채
3035,경제후생지표
3036,시장리스크
3037,신한
3038,애그플레이션
3039,수요견인 인플레이션
3040,추정손실
3041,정보의 비대칭성
3042,채무상환유예
3043,정기예금
3044,운전
3045,금융시스템 상호연계성
3046,소비자동향지수
3047,유로마켓
3048,증권
3049,전산업생산지수
3050,IMF 쿼타
3051,선물거래
3052,제조업평균가동률갭
3053,도서
3054,세계은행
3055,위험가중자산/위험가중치
3056,일중RP제도
3057,헤지펀드
3058,국제원유가격
3059,직불카드
3060,총부채원리금상환비율
3061,상계관세
3062,총액결제시스템
3063,복지부
3064,토빈세
3065,국제투자대조표
3066,예약자금이체제도
3067,세리머니
3068,부채담보부증권
3069,경기순응성
3070,발행시장
3071,남북
3072,직불카드공동망
3073,헬스
3074,한국연구재단
3075,중앙거래당사자
3076,바젤위원회
3077,제로금리정책
3078,대선
3079,주당순이익
3080,지급준비제도
3081,혼합형결제시스템
3082,SWIFT
3083,예대율
3084,CACREL시스템
3085,지급결제시스템
3086,갑기금
3087,가계신용통계
3088,CMO
3089,한옥마을
3090,브레튼우즈체제
3091,주가
3092,긴급수입제한조치
3093,자동안정화장치
3094,숨은 그림
3095,친구
3096,콜로라도
3097,자본이동자유화규약
3098,세포
3099,감염증
3100,자산건전성 분류
3101,잠상
3102,인구
3103,기회비용
3104,테이퍼링
3105,외부효과
3106,뉴스
3107,주가지수
3108,비관측경제
3109,총산출
3110,소통
3111,전자단기사채
3112,동태적 대손충당금 제도
3113,기펜재
3114,지급수단
3115,수입유발계수
3116,경부
3117,먼지
3118,요소비용
3119,유동비율
3120,주말
3121,화폐교환
3122,양적완화정책
3123,독점/과점
3124,생명
3125,내부등급법
3126,모바일뱅킹
3127,은행인수어음
3128,정원
3129,거시건전성 정책
3130,인터뷰
3131,장외시장
3132,동행종합지수
3133,전자금융공동망
3134,범위의 경제
3135,노동생산성/노동생산성지수
3136,통화유통속도
3137,중앙은행
3138,한은금융망
3139,연예
3140,가계순저축률
3141,장기침체
3142,헤리티지
3143,전자화폐
3144,외국환평형기금
3145,컨트리리스크
3146,근원인플레이션율
3147,출구전략
3148,어음교환
3149,환리스크헤지
3150,디커플링/커플링
3151,수쿠크
3152,수출보험
3153,인터넷
3154,국민처분가능소득
3155,텔레뱅킹
3156,지수기준년
3157,유동성 함정
3158,기준순환일
3159,중계무역
3160,구매력평가환율
3161,신용연계증권
3162,청소년
3163,수원
3164,계좌대체
3165,테일러 준칙
3166,경기
3167,전방연쇄효과
3168,후원
3169,미디어
3170,간접세/직접세
3171,유럽중앙은행
3172,국제통화기금
3173,보완재
3174,이표채
3175,직장
3176,차별
3177,완충자본
3178,소득주도성장
3179,유리보
3180,시스템 리스크
3181,노조
3182,관리통화제도
3183,자기자본비율
3184,골디락스경제
3185,보완자본
3186,내부자금
3187,모기지대출
3188,생태
3189,토론
3190,국제수지
3191,페더럴펀드
3192,외국환포지션
3193,선물
3194,고정금리
3195,스마트계약
3196,인프라
3197,창원
3198,신입사원
3199,금융 하부구조
3200,불완전경쟁시장
3201,납부자자동이체
3202,국내총생산
3203,슈퍼301조
3204,와타나베 부인
3205,경기조절정책/경제안정화정책
3206,차액결제시스템
3207,로렌츠곡선
3208,업무지속계획
3209,국외저축
3210,중앙은행 여수신제도
3211,진성어음/융통어음
3212,농업
3213,감독자협의회
3214,순천향대
3215,접종
3216,대출금 출자전환
3217,환어음
3218,호텔
3219,법률리스크
3220,탄소배출권
3221,국민총소득
3222,경상수지
3223,천안
3224,비교우위
3225,원/위안 직거래시장
3226,환경권
3227,여신전문금융회사
3228,연지급수입
3229,서비스수지
3230,바이오인증
3231,영향력계수
3232,익스포저
3233,올림픽
3234,통화정책 커뮤니케이션
3235,투입계수
3236,장내시장
3237,경직적 물가지수
3238,대체재
3239,보호무역주의
3240,국민대차대조표
3241,한시적 근로자
3242,미술관
3243,자발적 실업
3244,인터넷뱅킹
3245,신흥시장국채권지수
3246,변호사
3247,국가신용등급
3248,신용파생상품
3249,명목소득/실질소득
3250,금리스왑
3251,자금관리서비스공동망
3252,P2P대출
3253,낙수효과
3254,금전신탁
3255,동남아중앙은행기구
3256,라이브
3257,일중당좌대출제도
3258,국고수표
3259,정규직/비정규직
3260,IMF 스탠드바이협약
3261,스탠더드 & 푸어스
3262,청년실업률
3263,채권시가평가
3264,마스트리히트조약
3265,역모기지론
3266,의료진
3267,국제금융시장
3268,일반특혜관세
3269,구제금융
3270,수요탄력성
3271,낙인효과
3272,소비자물가지수
3273,기준금리
3274,전자서명
3275,외화가득액/외화가득율
3276,Beyond GDP
3277,문화재
3278,스톡옵션
3279,부처
3280,등록발행
3281,학습
3282,더블딥
3283,KIKO
3284,양도성예금증서
3285,자유재
3286,가동률
3287,국제회계기준
3288,간접금융/직접금융
3289,금융지주회사
3290,G2
3291,스카우트
3292,크라우드펀딩
3293,후행종합지수
3294,핀테크
3295,제주
3296,동아시아 외환위기
3297,국내공급물가지수
3298,뮤지컬
3299,음성
3300,공급사용표
3301,환매조건부매매/RP/Repo
3302,상품수지
3303,국고금 실시간 전자이체
3304,인생
3305,황금낙하산
3306,생물
3307,패션
3308,최종수요/중간수요
3309,통화정책수단
3310,포항
3311,유럽부흥개발은행
3312,콜옵션
3313,발행중지화폐/유통정지화폐
3314,가전
3315,G20
3316,부동화/무권화
3317,아시아개발은행
3318,뮤추얼펀드
3319,불태화정책
3320,사전담보제
3321,상대적 빈곤율
3322,고용보조지표
3323,증권결제리스크
3324,레버리지 효과
3325,여름
3326,스무딩오퍼레이션
3327,외환스왑거래
3328,회수의문
3329,소득5분위배율
3330,상식
3331,동일인/특수관계인
3332,20대
3333,세계무역기구
3334,외채/대외채권
3335,화폐환수
3336,수소
3337,금융제도
3338,입법
3339,우대금리
3340,공개시장운영
3341,주가지수선물거래
3342,소비의 비가역성
3343,카페
3344,볼커룰
3345,롯데호텔
3346,광주시
3347,유동성커버리지비율
3348,에너지바우처제도
3349,환전영업자
3350,주가수익비율
3351,환경계정
3352,충남
3353,실망실업자
3354,정권
3355,창업
3356,재해
3357,불법
3358,자전거
3359,스왑
3360,매출액영업이익률
3361,면사무소
3362,슈퍼마켓
3363,전북
3364,신용환산율
3365,경제활동참가율
3366,시뇨리지
3367,기업경기실사지수
3368,브릭스
3369,금융통화위원회
3370,피부
3371,미발행화폐
3372,비용인상 인플레이션
3373,인권
3374,데뷔
3375,구인배율
3376,배달
3377,서울대
3378,인터넷전문은행
3379,공공재
3380,우주
3381,잠재경제활동인구
3382,두산
3383,사법
3384,전자어음
3385,단리/복리
3386,투자은행
3387,시외버스
3388,래퍼곡선
3389,평가절하
3390,문학
3391,명목GDP목표제
3392,재산소득
3393,외국환거래법
3394,DebtRank
3395,배당할인모형
3396,반도체
3397,고정자본소모
3398,동남아시아국가연합
3399,캐롤라이나
3400,가계수지
3401,기초가격
3402,생태계
3403,나무
3404,시장평균환율제도
3405,CLS은행
3406,경기종합지수
3407,우발전환사채
3408,IC 카드
3409,전자정보교환제도
3410,엥겔의 법칙
3411,생산자물가지수
3412,자녀
3413,도전
3414,선물환거래
3415,가계부실위험지수
3416,화학
3417,보기화폐
3418,파레토최적
3419,전남대학교
3420,국민계정체계
3421,통상임금
3422,생산자제품재고지수
3423,시리
3424,수확체감의 법칙
3425,미달러화페그제도
3426,애플
3427,지급준비자산제도
3428,봉사
3429,행복
3430,물가안정목표제
3431,피용자보수
3432,소설
3433,Herstatt 리스크
3434,국제수지표
3435,고정이하여신비율
3436,자본생산성
3437,수입징수관/지출관
3438,앨범
3439,전통
3440,환차손/환차익
3441,사이버리스크
3442,순안정자금조달비율
3443,등급평가제도
3444,도쿄
3445,한계비용
3446,속물효과
3447,자연실업률
3448,신용스프레드
3449,뱅크런
3450,현지금융
3451,투자율
3452,춘천
3453,선불카드/선불전자지급수단
3454,EC방식
3455,자본거래자유화
3456,관광객
3457,PF-ABCP
3458,머니마켓펀드
3459,금융EDI
3460,유동성딜레마
3461,거액익스포저 규제
3462,원금리스크
3463,차액결제선물환 거래
3464,산업연관표
3465,주택저당증권
3466,부채비율
3467,지적소유권
3468,교환성 통화
3469,외환동시결제
3470,그램-리치-블라일리법
3471,후순위금융채
3472,정책시차
3473,매입외환/환가료
3474,실물화폐/명목화폐
3475,난외거래
3476,캠페인
3477,디스인플레이션
3478,이슬람금융
3479,순이자마진
3480,M&A
3481,피셔효과
3482,글래스-스티걸법
3483,계절변동조정시계열
3484,순이체한도제
3485,모바일
3486,종합금융투자사업자
3487,탄소
3488,통합발행제도
3489,환율조작국
3490,본원소득
3491,타행환공동망
3492,베블런효과
3493,약품
3494,port
3495,부가가치
3496,안양시 만안구
3497,박정희 정권
3498,책방
3499,우주 공간
3500,외상 후 스트레스
3501,글로벌 도시
3502,에너지 자원
3503,서울 남산
3504,반도체 회사
3505,영국 여왕
3506,수능 시험
3507,비디오 게임
3508,빅토르 안
3509,수시
3510,현금 흐름
3511,홈런
3512,부산 사상구
3513,긴급 점검
3514,안전성
3515,교육 기관
3516,폐기물 매립
3517,체중 감소
3518,유치원 교사
3519,국제 경쟁력
3520,연방 정부
3521,의료 산업
3522,공공 서비스
3523,서울 도봉구
3524,임금 노동
3525,서부 콘퍼런스
3526,공기 청정기
3527,의성
3528,대기업
3529,권력 남용
3530,사이버 범죄
3531,인공 지능
3532,모유 수유
3533,디지털 앨범
3534,마스크 팩
3535,우주 비행
3536,서울 남대문
3537,안양시 동안
3538,수원 팔달구
3539,소프트웨어 개발자
3540,동아
3541,공익
3542,조국
3543,결승골
3544,위생관리법
3545,리튬 이온 배터리
3546,허리 디스크
3547,올림픽 경기
3548,겨울 스포츠
3549,원자력
3550,애니메이션 영화
3551,삼성 노트
3552,아동 학대
3553,수지
3554,세계 기록
3555,소외계층
3556,컴퓨터 그래픽
3557,김영삼 정부
3558,재즈 피아니스트
3559,크리스마스 마켓
3560,동계 스포츠
3561,우주 비행사
3562,자연어 처리
3563,프린지 페스티벌
3564,단독 주택
3565,인도 총리
3566,대구시 중구
3567,데이터 사이언스
3568,혈액 순환
3569,대한민국 역사
3570,시장 경제
3571,원자력 발전
3572,수원 화성
3573,뮤직
3574,지역 농협
3575,재활용품
3576,부상
3577,삼성 제트
3578,위성
3579,화폐 시장
3580,무용
3581,옥스퍼드 대학
3582,수질 오염
3583,상품권
3584,용인시 기흥
3585,다시 여기 바닷가
3586,크리스마스 이브
3587,사운드 오브 뮤직
3588,음악 차트
3589,동네책방
3590,이산가족 상봉
3591,은행 업무
3592,게이
3593,올림픽 축구
3594,애플 에어
3595,사회 복지
3596,국민 투표
3597,르네상스 시대
3598,골든 글로브
3599,여성 인권
3600,화산 폭발
3601,플레이 스토어
3602,현금
3603,교통 안전
3604,인터넷 서점
3605,평생교육
3606,라 보엠
3607,북미 관계
3608,팀 버튼
3609,클라우드 기술
3610,특집 다큐멘터리
3611,취약계층
3612,인터넷 강의
3613,검색 알고리즘
3614,바이러스 질환
3615,건출물
3616,외교 관계
3617,풍선 효과
3618,폭발 사고
3619,금융 기관
3620,참전 용사
3621,전시회
3622,테니스
3623,로봇 산업
3624,배송
3625,청주시 흥덕구
3626,역세원
3627,인천시
3628,국민카드
3629,교통 정체
3630,자동차 경주
3631,고성 산불
3632,락 페스티벌
3633,컴백
3634,베트남 전쟁
3635,위생
3636,증강 현실
3637,세균 감염
3638,더현대
3639,전주시 완산구
3640,부산 서면
3641,아시안 게임
3642,역사 교육
3643,외교 정책
3644,디즈니 플러스
3645,부산 영도구
3646,스릴러 영화
3647,첼로 소나타
3648,국토부
3649,쓰레기 매립
3650,송혜교
3651,미국 대사관
3652,원격 교육
3653,중국 영화
3654,임금 격차
3655,인플루엔자 백신
3656,실사 영화
3657,관찰 예능
3658,도레미 마켓
3659,영어 교육
3660,음주 운전
3661,만루 홈런
3662,십자가
3663,일용직 노동자
3664,서울 중랑구
3665,스마트 홈
3666,현충원
3667,자동차 사고
3668,포항 남구
3669,네트워크 보안
3670,원격 근무
3671,전력 소비
3672,실적
3673,레이싱 게임
3674,문화 유산
3675,시상식
3676,정보 보안
3677,마블 스튜디오
3678,컨디션
3679,수원시 권선구
3680,빅 데이터
3681,청년 실업
3682,공유 경제
3683,기분 전환
3684,사운드 클라우드
3685,지문 인식
3686,약사
3687,에볼라 바이러스
3688,원격 의료
3689,화장품
3690,데이터 통신
3691,스포츠 리그
3692,유엔 안보리
3693,국악
3694,성 호르몬
3695,시간 관리
3696,게임 회사
3697,스마트 스피커
3698,이상 기후
3699,서울대 총장
3700,보안 취약점
3701,외교 문제
3702,로봇 수술
3703,노 대통령
3704,윌 스미스
3705,도시 숲
3706,메트로폴리탄 오페라
3707,노래 순위
3708,스포츠 클럽
3709,케이블 방송
3710,뇌물 수수
3711,아프리카 프릭스
3712,기상 관측
3713,부산 서구
3714,포항 북구
3715,라디오 스타
3716,음악 평론
3717,여론 조사
3718,프리지아
3719,올림픽 종목
3720,법 제도
3721,블랙프라이데이
3722,피부 질환
3723,임베디드
3724,혈액암
3725,가치
3726,호주
3727,시네마 천국
3728,응급 처치
3729,포항시 남구
3730,콜드 체인
3731,기업 브랜드
3732,미국 재무부
3733,영업익
3734,탐사
3735,게임 개발자
3736,시각 예술
3737,식당
3738,청주 흥덕구
3739,수원시 장안구
3740,필름 카메라
3741,보도블럭
3742,신용 등급
3743,베를린 장벽
3744,신규 확진자
3745,미국 드라마
3746,건강 프로그램
3747,서울 강북구
3748,신규
3749,용인시 수지구
3750,미군 기지
3751,안면 인식
3752,임재범
3753,식품 안전
3754,관광지
3755,응급 의료
3756,자연 환경
3757,주일 예배
3758,수원시 팔달구
3759,스트레스 관리
3760,하이브리드 차량
3761,낙동강 벨트
3762,크리스탈 팰리스
3763,절도
3764,대학 병원
3765,그래픽 디자이너
3766,경남 고성군
3767,데이터 허브
3768,프로그래밍 언어
3769,다산 정약용
3770,블랙 코미디
3771,마스터 플랜
3772,우주 탐사
3773,아마존 프라임
3774,공모전
3775,중계 방송
3776,인천 계양구
3777,kt wiz
3778,수소 에너지
3779,산소 치료
3780,대구시 북구
3781,아프리카 대륙
3782,공공 기관
3783,의사 파업
3784,신세계 백화점
3785,플라자 호텔
3786,주한 미군
3787,록 음악
3788,석사 과정
3789,경북도
3790,검색 서비스
3791,가상 세계
3792,발달 장애
3793,데이트 폭력
3794,혐오 발언
3795,퍼블릭 클라우드
3796,고등교육
3797,핫 100 차트
3798,군소 정당
3799,통신 기업
3800,크리스마스 트리
3801,독립 영화
3802,청주시 상당구
3803,일본 외무성
3804,통신 네트워크
3805,내부 고발
3806,서울 금천구
3807,대전시
3808,반덤핑 관세
3809,부산 금정구
3810,임팩트투자
3811,네이버 밴드
3812,환경 산업
3813,일용직 근로자
3814,세금
3815,환경부 블랙리스트
3816,기술 표준
3817,행사
3818,스티븐 연
3819,페이크 러브
3820,오염
3821,투자
3822,목사
3823,월트 디즈니
3824,팝 음악
3825,대학 교육
3826,정신 질환
3827,알레르기 비염
3828,온라인 회의
3829,가상 현실
3830,마이너스 금리
3831,식품 산업
3832,장기 이식
3833,올림픽 경기장
3834,건강 검진
3835,인천 옹진군
3836,원자력 발전소
3837,소프트웨어 기업
3838,연금 제도
3839,가상 공간
3840,릴 나스 엑스
3841,원화
3842,유가
3843,인플루엔자 유행
3844,태양광 에너지
3845,공중 보건
3846,파일럿 프로그램
3847,무협
3848,플래시 메모리
3849,여론 조작
3850,설치 미술
3851,병역 의무
3852,심리 치료
3853,관광자원
3854,경제 시스템
3855,감염 관리
3856,부산 연제구
3857,런던 올림픽
3858,제임스 본드
3859,커뮤니티 사이트
3860,지역 갈등
3861,원자재
3862,중국 지방
3863,독립 운동
3864,영업
3865,영국 왕실
3866,스텔스 전투기
3867,원전
3868,일어
3869,스튜디오 드래곤
3870,국제 정세
3871,성남시 수정구
3872,징계
3873,식물
3874,고교 야구
3875,혐의
3876,경제 제재
3877,대한민국 연극제
3878,클래식 기타
3879,안과
3880,거점 도시
3881,앤드루 왕자
3882,레스터 시티
3883,신종 인플루엔자
3884,대전 엑스포
3885,테니스 선수
3886,컴퓨터 비전
3887,공장 자동화
3888,약국
3889,하락세
3890,음반 차트
3891,해양 쓰레기
3892,프랑스 영화
3893,네이버 시리즈
3894,로맨스 영화
3895,스마트 폰
3896,일본 정치
3897,수영 선수
3898,베이징 올림픽
3899,포항시 북구
3900,대한민국 정치
3901,일본 만화
3902,짝퉁
3903,인명 구조
3904,캡틴 아메리카
3905,사회 갈등
3906,스포츠 게임
3907,고양시 덕양구
3908,환경부
3909,시뮬레이션 게임
3910,사이버 폭력
3911,블록버스터 영화
3912,스트리트 패션
3913,횡단보도
3914,구원 투수
3915,데이터 보안
3916,결선 투표
3917,시리즈B
3918,공공 데이터
3919,임금
3920,수익 모델
3921,가격 대비 성능
3922,인터넷 뱅킹
3923,브랜드 아이덴티티
3924,뮤지컬 스타
3925,축산물
3926,노사 관계
3927,옹호
3928,경기 광주시
3929,여자 축구
3930,회계
3931,시청률
3932,멜론
3933,전염병 예방
3934,교통 체증
3935,스타일
3936,미혼 여성
3937,빈부 격차
3938,스마트 오피스
3939,자산 운용
3940,베니스 비엔날레
3941,게임 중독
3942,층간소음
3943,환경 운동
3944,전기 자동차
3945,러닝 알고리즘
3946,탈락
3947,공포 영화
3948,간호
3949,소프트웨어 산업
3950,중앙 미드필더
3951,책
3952,인천 동구
3953,게임 제작
3954,미국 상원
3955,올림픽 성화
3956,스쿨 오브 락
3957,공부
3958,자백
3959,영화 음악
3960,알코올 중독
3961,미국 법무부
3962,트렌드
3963,막장 드라마
3964,록 밴드
3965,베이비스텝
3966,동물 복지
3967,경기 변동
3968,인도 영화
3969,언어 장애
3970,조선 산업
3971,전자 기기
3972,차량 공유 서비스
3973,뮤직 비디오
3974,장편 소설
3975,전주시 덕진구
3976,시티 스타디움
3977,방진 마스크
3978,의약품 산업
3979,최저 임금
3980,첨단 운전자 보조 시스템
3981,유아 교육
3982,종전 선언
3983,영화 축제
3984,추천 시스템
3985,교통 사고
3986,비상 사태
3987,이슬람 국가
3988,게임 음악
3989,양자 컴퓨팅
3990,검색 엔진
3991,시민 단체
3992,시민 운동
3993,온라인 청원
3994,베를린 영화제
3995,스트레스 호르몬
3996,성전환 수술
3997,이슬람 사원
3998,사회 경제
3999,아메리칸 드림
4000,사이클링 히트
4001,워터게이트 사건
4002,온라인 컨퍼런스
4003,동계 올림픽
4004,크리스마스 캐럴
4005,007 시리즈
4006,슈팅 게임
4007,한국 만화
4008,힙합 음악
4009,바이러스 벡터
4010,일본 제국주의
4011,생활 가전
4012,남북 분단
4013,제네바 모터쇼
4014,한국 무용
4015,증시 폭락
4016,라틴 아메리카
4017,지적 재산
4018,생체 인증
4019,부동산 경매
4020,한국 애니메이션
4021,이동성 고기압
4022,성적 학대
4023,환경 요인
4024,겨울 바다
4025,성 차별
4026,데이터 과학
4027,액션 게임
4028,나스닥
4029,댄스 음악
4030,해양 오염
4031,운동 선수
4032,보드 게임
4033,미제 사건
4034,중국 위안
4035,전자 상거래
4036,아담 램버트
4037,코호트 연구
4038,브라질 대통령
4039,아랍 국가
4040,블라인드 채용
4041,현대 음악
4042,임신 초기
4043,과학 지식
4044,트럼프 대통령 탄핵
4045,소행성 충돌
4046,경주 월성
4047,오페라 하우스
4048,운동 신경
4049,집단 지성
4050,가정 폭력
4051,판타지 장르
4052,가짜 사나이
4053,성형 수술
4054,미국 아카데미상
4055,학사 학위
4056,브라질 월드컵
4057,서양 음악
4058,올림픽 개막식
4059,안마 의자
4060,여성 호르몬
4061,방사성 폐기물
4062,수원 권선구
4063,트럼프 탄핵
4064,앱 스토어
4065,일본 애니메이션
4066,한국 연극
4067,택시 운전사
4068,불법 복제
4069,겨울 방학
4070,전두환 정권
4071,학습 알고리즘
4072,청주시 서원
4073,성적 지향
4074,포크 음악
4075,태국 정부
4076,발암 물질
4077,차량 화재
4078,에센셜 오일
4079,미스터리 추적
4080,국민 경제
4081,게임 스트리밍
4082,야생 동물
4083,성 범죄
4084,김영삼 대통령
4085,의학 드라마
4086,텍사스 주
4087,양궁 선수
4088,정치 편향
4089,사스 바이러스
4090,록 페스티벌
4091,대구시 동구
4092,금융 산업
4093,탄소 제로
4094,가족 영화
4095,브래드 리틀
4096,현대 무용
4097,태극기 집회
4098,웹 세미나
4099,복지 제도
4100,소비 전력
4101,암호 화폐
4102,오페라 극장
4103,의료 제도
4104,여름 축제
4105,과학 학술지
4106,바로크 음악
4107,피겨 스케이팅
4108,자원 봉사
4109,아마추어 스포츠
4110,휘트니 휴스턴
4111,중소 기업
4112,전기 에너지
4113,인천 강화군
4114,급진 좌파
4115,기상 예보
4116,고양이 집사
4117,신천지 예수교
4118,일본 자동차
4119,통계 분석
4120,세 얼간이
4121,증권 시장
4122,범죄 현장
4123,도산 안창호
4124,레드 카펫
4125,퍼즐 게임
4126,지적 장애
4127,터치 스크린
4128,스포츠 의류
4129,전통 음식
4130,여행 가이드
4131,대학 축제
